product_id,product_name,supplier_id
1001,Grass-roots zero-defect frame,11
1002,Object-based encompassing encoding,23
1003,Triple-buffered encompassing moratorium,15
1004,Customizable actuating encryption,29
1005,Organized multimedia instruction set,43
1006,Open-source upward-trending extranet,11
1007,De-engineered bottom-line database,23
1008,Managed explicit service-desk,18
1009,Operative value-added project,23
1010,Ergonomic 3rdgeneration database,39
1011,Organized 6thgeneration project,22
1012,Cloned multi-state Local Area Network,39
1013,Integrated national paradigm,5
1014,Pre-emptive radical throughput,42
1015,Synchronized grid-enabled solution,42
1016,User-centric eco-centric project,42
1017,Proactive responsive system engine,37
1018,Multi-layered zero tolerance artificial intelligence,4
1019,Multi-tiered transitional matrix,50
1020,Fundamental transitional task-force,2
1021,Multi-tiered impactful matrices,46
1022,Right-sized full-range projection,37
1023,Synergistic clear-thinking matrix,42
1024,Re-contextualized fault-tolerant adapter,47
1025,Synergistic system-worthy data-warehouse,43
1026,Inverse homogeneous encryption,37
1027,Grass-roots background core,15
1028,Seamless cohesive solution,1
1029,Cross-platform local firmware,46
1030,Multi-tiered reciprocal migration,32
1031,Intuitive mission-critical capability,20
1032,Persevering scalable implementation,24
1033,Public-key bifurcated concept,13
1034,Assimilated bi-directional paradigm,6
1035,Exclusive zero administration help-desk,44
1036,Organized dynamic moratorium,28
1037,Switchable well-modulated installation,10
1038,Team-oriented tertiary array,33
1039,Multi-lateral human-resource task-force,2
1040,Reverse-engineered maximized architecture,43
1041,Self-enabling upward-trending strategy,44
1042,Progressive interactive policy,9
1043,Networked holistic functionalities,23
1044,Distributed fault-tolerant moratorium,38
1045,Innovative optimal encryption,1
1046,Managed demand-driven artificial intelligence,21
1047,Robust asynchronous core,13
1048,Down-sized foreground frame,10
1049,Extended asynchronous Internet solution,46
1050,Re-engineered interactive support,3
1051,Enhanced maximized secured line,3
1052,Profit-focused radical support,26
1053,User-friendly non-volatile task-force,41
1054,Stand-alone motivating algorithm,31
1055,Organized fault-tolerant paradigm,23
1056,Optimized fresh-thinking open system,50
1057,Progressive leadingedge time-frame,36
1058,Versatile even-keeled Internet solution,31
1059,Advanced local interface,38
1060,Object-based object-oriented task-force,23
1061,Multi-layered fresh-thinking structure,27
1062,Realigned exuding software,21
1063,Multi-channeled demand-driven forecast,44
1064,Re-engineered mission-critical knowledgebase,5
1065,Optional next generation Graphic Interface,33
1066,Triple-buffered optimizing data-warehouse,43
1067,Function-based fault-tolerant matrix,5
1068,Centralized dynamic installation,36
1069,Future-proofed solution-oriented infrastructure,50
1070,Re-engineered disintermediate capability,17
1071,Exclusive national productivity,11
1072,Pre-emptive contextually-based structure,39
1073,Multi-channeled impactful utilization,18
1074,Virtual bi-directional collaboration,20
1075,Right-sized transitional benchmark,30
1076,Front-line intermediate strategy,45
1077,De-engineered 5thgeneration open system,21
1078,User-centric foreground structure,40
1079,Customizable actuating support,5
1080,Organic human-resource neural-net,31
1081,Diverse tertiary methodology,11
1082,Adaptive exuding circuit,25
1083,Exclusive logistical core,7
1084,Adaptive disintermediate migration,39
1085,Seamless user-facing synergy,8
1086,Function-based discrete database,6
1087,Multi-lateral system-worthy utilization,10
1088,Multi-lateral secondary hardware,40
1089,Universal clear-thinking concept,44
1090,Diverse discrete framework,41
1091,Enhanced cohesive intranet,1
1092,Decentralized contextually-based analyzer,26
1093,Stand-alone explicit groupware,36
1094,Front-line intermediate instruction set,22
1095,Visionary intermediate interface,7
1096,Compatible upward-trending task-force,27
1097,Realigned intermediate hardware,2
1098,Expanded homogeneous knowledgebase,35
1099,Pre-emptive didactic data-warehouse,18
1100,Fundamental reciprocal process improvement,23
1101,Decentralized object-oriented info-mediaries,16
1102,Organic eco-centric structure,46
1103,Realigned optimizing ability,29
1104,De-engineered directional superstructure,42
1105,Stand-alone logistical customer loyalty,19
1106,Seamless executive middleware,42
1107,Devolved fresh-thinking collaboration,46
1108,Automated neutral algorithm,17
1109,Streamlined leadingedge neural-net,31
1110,Front-line stable capability,37
1111,Multi-layered analyzing ability,31
1112,Function-based bandwidth-monitored attitude,10
1113,Advanced solution-oriented portal,19
1114,Cross-group analyzing artificial intelligence,1
1115,Inverse demand-driven strategy,24
1116,Fundamental eco-centric intranet,37
1117,Customer-focused even-keeled neural-net,22
1118,Optimized asynchronous knowledgebase,14
1119,Quality-focused grid-enabled Internet solution,29
1120,Configurable system-worthy frame,49
1121,Face-to-face 3rdgeneration Local Area Network,19
1122,Virtual fault-tolerant extranet,38
1123,Total heuristic flexibility,5
1124,Grass-roots logistical benchmark,31
1125,Re-contextualized 3rdgeneration database,37
1126,Re-contextualized zero administration hub,16
1127,Progressive dynamic info-mediaries,17
1128,Polarized tertiary circuit,14
1129,Configurable 24hour emulation,8
1130,Centralized needs-based analyzer,3
1131,Front-line 24/7 model,33
1132,Innovative multi-state migration,3
1133,Exclusive hybrid circuit,30
1134,Integrated radical benchmark,23
1135,Devolved intangible benchmark,6
1136,Horizontal responsive middleware,4
1137,Automated leadingedge task-force,14
1138,Digitized interactive support,30
1139,User-friendly directional hub,29
1140,Compatible intermediate synergy,8
1141,Realigned optimizing frame,15
1142,Enterprise-wide 5thgeneration hardware,44
1143,Diverse even-keeled orchestration,2
1144,Persevering zero tolerance moderator,37
1145,Persevering fresh-thinking application,2
1146,Synergistic explicit Graphical User Interface,24
1147,Advanced systemic migration,21
1148,Versatile cohesive data-warehouse,1
1149,Sharable user-facing encoding,23
1150,Progressive maximized benchmark,5
1151,Front-line tertiary Graphic Interface,5
1152,Ergonomic leadingedge neural-net,40
1153,Stand-alone bifurcated service-desk,21
1154,Seamless leadingedge open system,48
1155,Multi-channeled modular open system,6
1156,Switchable bifurcated moratorium,18
1157,Virtual uniform migration,26
1158,Enterprise-wide local strategy,19
1159,Expanded multi-tasking info-mediaries,8
1160,Quality-focused static ability,13
1161,Multi-channeled web-enabled moderator,3
1162,Networked zero tolerance database,13
1163,Up-sized 5thgeneration leverage,32
1164,Object-based 3rdgeneration policy,1
1165,Exclusive solution-oriented archive,35
1166,Expanded contextually-based model,12
1167,Secured static paradigm,43
1168,Sharable modular artificial intelligence,11
1169,Team-oriented intangible protocol,36
1170,Future-proofed methodical encoding,36
1171,Total context-sensitive superstructure,45
1172,Reduced holistic migration,31
1173,Persistent heuristic algorithm,17
1174,Synchronized responsive migration,8
1175,Polarized encompassing analyzer,25
1176,Synergistic dedicated installation,1
1177,Public-key secondary leverage,43
1178,Advanced mobile archive,3
1179,Synergistic analyzing concept,10
1180,Compatible web-enabled project,34
1181,Streamlined heuristic utilization,33
1182,Monitored national strategy,5
1183,Seamless transitional system engine,17
1184,Organic incremental array,26
1185,De-engineered user-facing contingency,26
1186,Self-enabling logistical budgetary management,8
1187,Front-line full-range projection,18
1188,Vision-oriented leadingedge utilization,48
1189,Up-sized logistical capacity,5
1190,Fully-configurable attitude-oriented success,48
1191,Total fresh-thinking frame,23
1192,Front-line directional projection,23
1193,Progressive context-sensitive emulation,23
1194,Compatible heuristic superstructure,33
1195,Universal motivating benchmark,23
1196,Re-contextualized multimedia functionalities,3
1197,Configurable reciprocal strategy,18
1198,Assimilated multi-tasking Graphical User Interface,27
1199,Horizontal mission-critical infrastructure,33
1200,Advanced grid-enabled productivity,5
1201,Triple-buffered composite challenge,1
1202,Reduced dedicated emulation,5
1203,Monitored responsive website,6
1204,Centralized well-modulated projection,21
1205,Networked modular approach,23
1206,Operative well-modulated groupware,37
1207,Persevering attitude-oriented hub,25
1208,Advanced maximized Graphic Interface,30
1209,Grass-roots cohesive groupware,25
1210,Multi-lateral 4thgeneration system engine,16
1211,Ameliorated modular capability,2
1212,Decentralized content-based paradigm,50
1213,Phased hybrid help-desk,32
1214,Team-oriented scalable infrastructure,25
1215,Team-oriented optimizing policy,44
1216,Multi-layered foreground solution,47
1217,Devolved multimedia access,33
1218,Diverse clear-thinking parallelism,37
1219,Ergonomic interactive firmware,4
1220,User-centric client-driven Graphical User Interface,22
1221,Object-based secondary paradigm,6
1222,Customizable stable benchmark,41
1223,Quality-focused actuating help-desk,46
1224,Centralized empowering circuit,45
1225,Team-oriented value-added success,34
1226,Organized reciprocal project,45
1227,Upgradable encompassing product,1
1228,Diverse optimal pricing structure,48
1229,Centralized foreground benchmark,44
1230,Versatile transitional firmware,27
1231,Progressive high-level task-force,27
1232,Multi-tiered dynamic knowledge user,24
1233,Switchable discrete circuit,25
1234,Re-contextualized asynchronous data-warehouse,32
1235,Managed demand-driven matrices,4
1236,Profound attitude-oriented open architecture,37
1237,Seamless regional monitoring,14
1238,Sharable intangible middleware,28
1239,Re-contextualized impactful infrastructure,3
1240,Right-sized human-resource ability,20
1241,Open-source secondary Local Area Network,39
1242,Sharable heuristic standardization,7
1243,Organic maximized Local Area Network,12
1244,Compatible system-worthy monitoring,26
1245,Optimized asynchronous budgetary management,27
1246,Multi-channeled system-worthy artificial intelligence,16
1247,Intuitive systematic protocol,36
1248,Grass-roots user-facing core,25
1249,Distributed secondary encryption,37
1250,Realigned value-added archive,40
1251,Profound needs-based knowledgebase,15
1252,Cross-platform multi-tasking superstructure,10
1253,Synchronized regional conglomeration,43
1254,Realigned systemic data-warehouse,16
1255,Integrated uniform moratorium,28
1256,Innovative responsive migration,48
1257,Grass-roots background interface,32
1258,Versatile composite architecture,20
1259,Diverse neutral project,42
1260,Reduced user-facing workforce,12
1261,Automated executive hardware,50
1262,Reverse-engineered content-based workforce,39
1263,Focused 3rdgeneration Graphical User Interface,30
1264,Horizontal web-enabled open system,42
1265,Stand-alone well-modulated model,33
1266,Extended global database,38
1267,Progressive mission-critical moratorium,16
1268,Front-line high-level definition,1
1269,Profit-focused eco-centric Graphic Interface,37
1270,Realigned clear-thinking analyzer,36
1271,Progressive context-sensitive portal,9
1272,Cross-group dedicated challenge,23
1273,Reduced cohesive implementation,6
1274,Sharable high-level benchmark,45
1275,Centralized client-server contingency,4
1276,Down-sized explicit neural-net,12
1277,Virtual value-added artificial intelligence,23
1278,Implemented composite installation,17
1279,Fully-configurable bottom-line extranet,23
1280,Sharable incremental Local Area Network,46
1281,Devolved neutral interface,37
1282,Mandatory foreground customer loyalty,40
1283,Innovative intangible leverage,46
1284,Cross-group tangible workforce,5
1285,Optimized even-keeled Graphical User Interface,12
1286,Managed leadingedge throughput,41
1287,Programmable multimedia concept,38
1288,Front-line discrete Local Area Network,32
1289,Assimilated multi-tasking algorithm,2
1290,Profit-focused fresh-thinking paradigm,48
1291,Grass-roots zero-defect function,10
1292,Synergistic motivating productivity,22
1293,Grass-roots holistic definition,28
1294,Public-key fresh-thinking circuit,21
1295,Enhanced disintermediate functionalities,32
1296,Public-key mission-critical analyzer,28
1297,Future-proofed high-level emulation,1
1298,De-engineered tangible intranet,50
1299,Balanced mission-critical initiative,23
1300,Fully-configurable eco-centric alliance,2
1301,Horizontal attitude-oriented orchestration,5
1302,Persevering heuristic synergy,21
1303,Team-oriented discrete data-warehouse,45
1304,Switchable bifurcated analyzer,36
1305,Stand-alone zero tolerance knowledgebase,50
1306,Compatible empowering open architecture,28
1307,Decentralized mission-critical database,29
1308,Progressive didactic productivity,48
1309,Optional encompassing contingency,20
1310,Profound impactful function,41
1311,Grass-roots intermediate parallelism,43
1312,Re-engineered homogeneous open system,26
1313,Synchronized methodical open system,30
1314,Open-source homogeneous open architecture,17
1315,Grass-roots non-volatile service-desk,9
1316,Multi-lateral high-level pricing structure,4
1317,Total multi-tasking application,10
1318,Vision-oriented modular website,36
1319,Team-oriented client-driven ability,41
1320,Realigned 24hour hardware,15
1321,Seamless cohesive algorithm,40
1322,Multi-tiered dedicated ability,30
1323,Adaptive zero administration capacity,47
1324,Vision-oriented zero tolerance encoding,47
1325,Universal bottom-line function,47
1326,Total well-modulated success,50
1327,Face-to-face explicit throughput,10
1328,Synergized global capacity,26
1329,Multi-lateral bandwidth-monitored protocol,6
1330,Mandatory analyzing standardization,26
1331,Robust even-keeled Internet solution,24
1332,Customer-focused coherent architecture,44
1333,Synchronized transitional middleware,1
1334,Versatile empowering capability,36
1335,Fully-configurable regional model,16
1336,Face-to-face heuristic Internet solution,11
1337,Diverse leadingedge methodology,20
1338,Multi-lateral leadingedge infrastructure,23
1339,Upgradable mission-critical throughput,17
1340,Synchronized transitional forecast,19
1341,De-engineered coherent success,21
1342,Multi-channeled 5thgeneration synergy,11
1343,Cloned zero administration conglomeration,48
1344,Ameliorated zero-defect system engine,21
1345,Reactive bandwidth-monitored time-frame,19
1346,Centralized uniform process improvement,7
1347,Fully-configurable bottom-line challenge,4
1348,Triple-buffered zero-defect matrix,5
1349,Multi-layered client-server archive,26
1350,Triple-buffered transitional encryption,20
1351,De-engineered content-based matrices,34
1352,Phased static synergy,17
1353,Reactive real-time success,49
1354,Cross-group multi-state parallelism,18
1355,Synergistic intangible alliance,2
1356,Polarized systemic moratorium,4
1357,Diverse radical firmware,22
1358,Balanced background complexity,44
1359,Exclusive incremental synergy,5
1360,Secured 24/7 contingency,7
1361,Sharable methodical analyzer,28
1362,User-centric 24hour focus group,26
1363,Multi-channeled context-sensitive application,27
1364,Extended responsive capacity,1
1365,Persistent leadingedge policy,26
1366,Distributed solution-oriented ability,18
1367,Sharable cohesive portal,28
1368,Diverse composite customer loyalty,39
1369,Operative executive emulation,42
1370,De-engineered 5thgeneration function,30
1371,Multi-tiered user-facing archive,41
1372,Optimized composite Internet solution,11
1373,Innovative well-modulated middleware,29
1374,Virtual hybrid knowledge user,18
1375,Vision-oriented dedicated customer loyalty,44
1376,Customizable tangible project,47
1377,Open-source optimal approach,44
1378,Virtual transitional function,29
1379,Sharable analyzing projection,2
1380,Enhanced non-volatile ability,10
1381,Ergonomic content-based encryption,13
1382,Visionary maximized focus group,42
1383,Team-oriented web-enabled software,4
1384,Focused multimedia monitoring,19
1385,Re-contextualized holistic focus group,15
1386,Exclusive uniform support,9
1387,User-centric background groupware,41
1388,Grass-roots background artificial intelligence,17
1389,Pre-emptive maximized methodology,10
1390,Customizable optimal knowledge user,17
1391,Grass-roots cohesive groupware,7
1392,Balanced 24hour focus group,6
1393,Grass-roots web-enabled project,44
1394,Monitored composite function,35
1395,Customer-focused system-worthy extranet,1
1396,Open-source discrete utilization,8
1397,Robust dynamic synergy,44
1398,Face-to-face hybrid migration,39
1399,Upgradable multimedia knowledgebase,48
1400,Cross-platform didactic functionalities,24
1401,Compatible homogeneous access,3
1402,Upgradable empowering core,50
1403,Down-sized bottom-line benchmark,21
1404,Down-sized tangible algorithm,8
1405,Virtual actuating process improvement,33
1406,Proactive stable hub,37
1407,Multi-lateral bottom-line solution,1
1408,Sharable reciprocal capability,12
1409,Open-architected intermediate neural-net,21
1410,Multi-lateral high-level alliance,21
1411,Team-oriented responsive framework,47
1412,Profit-focused web-enabled instruction set,36
1413,Profound methodical forecast,7
1414,Up-sized even-keeled implementation,14
1415,Function-based executive product,19
1416,Fully-configurable analyzing moderator,17
1417,Customizable zero-defect intranet,38
1418,Fundamental responsive support,30
1419,Face-to-face even-keeled standardization,40
1420,Switchable logistical focus group,23
1421,Triple-buffered 3rdgeneration encryption,5
1422,Organized user-facing conglomeration,8
1423,Front-line background architecture,25
1424,Focused real-time moderator,33
1425,Vision-oriented transitional capacity,49
1426,Networked leadingedge middleware,15
1427,Ameliorated fresh-thinking throughput,13
1428,Robust hybrid strategy,42
1429,Total homogeneous middleware,7
1430,Operative fresh-thinking circuit,23
1431,Networked holistic encryption,5
1432,Down-sized contextually-based capability,9
1433,Compatible heuristic approach,28
1434,Versatile 24/7 artificial intelligence,25
1435,Devolved scalable superstructure,23
1436,Networked didactic database,42
1437,Advanced incremental service-desk,46
1438,Switchable 4thgeneration installation,34
1439,Synchronized multi-state infrastructure,47
1440,Configurable coherent contingency,8
1441,Re-engineered 24/7 implementation,34
1442,Enhanced bandwidth-monitored Graphic Interface,21
1443,Triple-buffered 24/7 collaboration,45
1444,Virtual clear-thinking collaboration,14
1445,Synchronized incremental framework,8
1446,Assimilated asynchronous parallelism,40
1447,Open-source regional circuit,37
1448,Seamless secondary intranet,1
1449,Synergistic content-based solution,12
1450,Compatible 24hour emulation,28
1451,Cross-group local database,47
1452,De-engineered object-oriented moderator,43
1453,Public-key clear-thinking hardware,38
1454,Monitored solution-oriented help-desk,37
1455,Multi-lateral scalable frame,24
1456,Synergized cohesive open architecture,13
1457,Profound coherent standardization,39
1458,Adaptive scalable analyzer,37
1459,Monitored secondary productivity,9
1460,Multi-channeled attitude-oriented hub,43
1461,Inverse 24hour application,41
1462,Synergistic fault-tolerant contingency,3
1463,Enterprise-wide multi-state superstructure,18
1464,Focused multi-tasking structure,5
1465,Sharable grid-enabled migration,31
1466,Sharable fault-tolerant conglomeration,27
1467,Multi-layered logistical database,7
1468,Open-source content-based success,29
1469,Upgradable 6thgeneration structure,37
1470,Profound web-enabled help-desk,48
1471,Customizable optimizing core,29
1472,Robust multi-tasking middleware,28
1473,Reactive hybrid pricing structure,42
1474,Mandatory methodical firmware,40
1475,Quality-focused real-time parallelism,20
1476,Multi-tiered bottom-line contingency,12
1477,Re-contextualized cohesive matrix,8
1478,Profit-focused reciprocal neural-net,3
1479,Programmable zero-defect application,9
1480,Object-based cohesive complexity,20
1481,Optimized attitude-oriented extranet,49
1482,User-centric real-time time-frame,13
1483,Organized empowering capability,6
1484,Diverse bifurcated framework,14
1485,Pre-emptive high-level analyzer,43
1486,Versatile solution-oriented system engine,37
1487,Reactive executive budgetary management,6
1488,Inverse reciprocal support,44
1489,Down-sized intermediate methodology,3
1490,Fundamental heuristic knowledge user,21
1491,Advanced mission-critical hardware,5
1492,Public-key heuristic analyzer,22
1493,Switchable human-resource projection,18
1494,Business-focused content-based application,39
1495,Digitized transitional complexity,27
1496,Optional heuristic alliance,37
1497,Optimized asynchronous system engine,20
1498,Self-enabling motivating protocol,44
1499,Streamlined human-resource implementation,34
1500,Diverse explicit installation,9
